id,word
1,stream
2,glove
3,duck
4,ring
5,mercury
6,roulette
7,shot
8,cat
9,grace
10,olive
11,undertaker
12,mail
13,check
14,queen
15,pants
16,wall
17,olympus
18,ninja
19,life
20,lap
21,concert
22,mug
23,button
24,film
25,leprechaun
26,nurse
27,mexico
28,eye
29,link
30,dance
31,bug
32,mint
33,tie
34,table
35,skyscraper
36,laser
37,forest
38,bottle
39,shakespeare
40,engine
41,paste
42,missile
43,switch
44,straw
45,canada
46,scorpion
47,stadium
48,dragon
49,jet
50,microscope
51,card
52,horn
53,ray
54,post
55,neuron
56,game
57,cover
58,game
59,washer
60,head
61,litter
62,tap
63,mouth
64,lion
65,police
66,cloak
67,board
68,berlin
69,face
70,beach
71,charge
72,fork
73,germany
74,shadow
75,centaur
76,snowman
77,helicopter
78,calf
79,air
80,hook
81,space
82,egypt
83,theater
84,block
85,france
86,fair
87,screen
88,march
89,contract
90,chocolate
91,suit
92,bill
93,dinosaur
94,gas
95,cast
96,horseshoe
97,trunk
98,snow
99,washington
100,pin
101,center
102,chick
103,giant
104,nail
105,foot
106,new york
107,server
108,school
109,fly
110,pit
111,park
112,figure
113,octopus
114,whip
115,plot
116,pupil
117,horse
118,pirate
119,deck
120,buffalo
121,bear
122,glass
123,draft
124,ham
125,india
126,round
127,copper
128,jack
129,atlantis
130,vacuum
131,scientist
132,spike
133,Europe
134,soul
135,pitch
136,king
137,fence
138,capital
139,wind
140,kid
141,bar
142,file
143,pass
144,green
145,string
146,night
147,mass
148,bat
149,turkey
150,mine
151,apple
152,shop
153,state
154,torch
155,pole
156,needle
157,shark
158,jupiter
159,stick
160,platypus
161,cricket
162,cold
163,ship
164,dice
165,ice cream
166,rabbit
167,chair
168,water
169,scale
170,fall
171,death
172,stock
173,luck
174,amazon
175,well
176,hollywood
177,tower
178,poison
179,hawk
180,battery
181,temple
182,orange
183,hole
184,beat
185,war
186,mouse
187,saturn
188,hospital
189,field
190,train
191,alps
192,worm
193,mole
194,shoe
195,doctor
196,ball
197,angel
198,spider
199,spy
200,unicorn
201,seal
202,cross
203,ivory
204,america
205,dwarf
206,plastic
207,chest
208,yard
209,fan
210,web
211,organ
212,jam
213,club
214,sink
215,ruler
216,bomb
217,sub
218,pound
219,lemon
220,bell
221,flute
222,carrot
223,disease
224,poet
225,port
226,kangaroo
227,strike
228,pipe
229,novel
230,crash
231,tail
232,vet
233,van
234,bugle
235,part
236,belt
237,light
238,himalayas
239,crown
240,band
241,toronto
242,fire
243,pilot
244,casino
245,pool
246,star
247,loch ness
248,log
249,press
250,spine
251,teacher
252,pumpkin
253,piano
254,spot
255,court
256,spring
257,bow
258,degree
259,professor
260,sound
261,paper
262,satellite
263,lawyer
264,racket
265,beijing
266,watch
267,lead
268,slip
269,tablet
270,conductor
271,dog
272,heart
273,hood
274,note
275,ground
276,greece
277,square
278,wake
279,fighter
280,phoenix
281,drop
282,africa
283,scuba diver
284,diamond
285,whale
286,lab
287,cliff
288,london
289,rock
290,key
291,alien
292,china
293,bolt
294,revolution
295,cook
296,force
297,track
298,moscow
299,palm
300,root
301,penguin
302,pan
303,bond
304,thief
305,bark
306,ghost
307,boot
308,england
309,smuggler
310,australia
311,limousine
312,bridge
313,robin
314,staff
315,marble
316,pyramid
317,opera
318,code
319,kiwi
320,comic
321,mammoth
322,ambulance
323,dress
324,fish
325,cotton
326,embassy
327,robot
328,telescope
329,cycle
330,play
331,tooth
332,eagle
333,genius
334,knight
335,pie
336,arm
337,bermuda
338,tick
339,gold
340,bed
341,circle
342,grass
343,spell
344,compound
345,slug
346,soldier
347,berry
348,trip
349,crane
350,bank
351,boom
352,agent
353,buck
354,box
355,mount
356,line
357,botox
358,plate
359,point
360,tube
361,lock
362,brush
363,rome
364,plane
365,aztec
366,maple
367,match
368,iron
369,oil
370,poutine
371,superhero
372,change
373,rose
374,tokyo
375,model
376,pistol
377,row
378,tag
379,ice
380,time
381,princess
382,wave
383,car
384,hotel
385,parachute
386,moon
387,net
388,drill
389,date
390,czech
391,back
392,day
393,millionaire
394,church
395,knife
396,cap
397,triangle
398,nut
399,sock
400,swing
401,hand
402,ketchup
403,witch